features_removed,num_features,features_used,train_accuracy,test_accuracy,test_precision,test_recall,test_f1,test_auc,accuracy_drop
None (Baseline),7,"Glucose, Age, BMI, Lactate, LDH, CRP, Specific_Gravity",0.9925428571428572,0.992,0.9780096906448006,0.9996190476190476,0.9886963074604371,0.9988764542124542,
Glucose,6,"Age, BMI, Lactate, LDH, CRP, Specific_Gravity",0.9893428571428572,0.9897333333333334,0.9737820751208628,0.9975238095238095,0.9855099736544976,0.9976997118437119,0.002266666666666639
Age,6,"Glucose, BMI, Lactate, LDH, CRP, Specific_Gravity",0.9765428571428572,0.9753333333333334,0.9349376114081996,0.9990476190476191,0.9659300184162063,0.9958226813186813,0.016666666666666607
BMI,6,"Glucose, Age, Lactate, LDH, CRP, Specific_Gravity",0.9909714285714286,0.9892666666666666,0.9707678075855689,0.9994285714285714,0.9848897231346786,0.997991032967033,0.0027333333333333654
Lactate,6,"Glucose, Age, BMI, LDH, CRP, Specific_Gravity",0.9851714285714286,0.9827333333333333,0.9725430789623177,0.9782857142857143,0.9754059443547621,0.9976257777777777,0.009266666666666645
LDH,6,"Glucose, Age, BMI, Lactate, CRP, Specific_Gravity",0.9886571428571429,0.9868666666666667,0.9643447895607425,0.9994285714285714,0.9815732859414461,0.9982223492063492,0.005133333333333323
CRP,6,"Glucose, Age, BMI, Lactate, LDH, Specific_Gravity",0.9893714285714286,0.9893333333333333,0.9705991124260355,0.9998095238095238,0.9849878025896041,0.9980406446886446,0.002666666666666706
Specific_Gravity,6,"Glucose, Age, BMI, Lactate, LDH, CRP",0.9925428571428572,0.9920666666666667,0.9780137879634805,0.9998095238095238,0.9887915607045304,0.9989317411477412,-6.666666666665932e-05
