{
  "test_size": 3000,
  "test_cancer": 240,
  "sensitivity": 0.8791666666666667,
  "specificity": 0.9242753623188406,
  "ppv": 0.5023809523809524,
  "npv": 0.9887596899224806,
  "roc_auc": 0.9703472222222221,
  "average_precision": 0.8589892113831425,
  "cv_auc_mean": 0.9722863828502415,
  "cv_auc_std": 0.005502249970362926,
  "feature_importance": {
    "fasting_insulin": 0.08242233139001279,
    "fasting_glucose": 0.09518752611786137,
    "LDH": 0.1641228658610696,
    "CRP": 0.26425568549471606,
    "HOMA_IR": 0.04941819530898585,
    "age": 0.3424864224389577,
    "gender": 0.0021069733883966324
  }
}