{
  "n_total": 2312,
  "n_cancer": 224,
  "n_control": 2088,
  "cancer_pct": 9.688581314878892,
  "test_sensitivity": 0.3111111111111111,
  "test_specificity": 0.8875598086124402,
  "test_ppv": 0.22950819672131148,
  "test_npv": 0.9228855721393034,
  "test_roc_auc": 0.7274322169059011,
  "cv_auc_mean": 0.7797633304818933,
  "cv_auc_std": 0.013462014799985558,
  "feature_importance": {
    "insulin": 0.09813609395907329,
    "glucose": 0.09604613042032747,
    "ldh": 0.12585420311479956,
    "crp": 0.11453950358270301,
    "HOMA_IR": 0.09536197555216937,
    "age": 0.4541437751806341,
    "gender": 0.01591831819029326
  }
}